Time,Winner,Loser,Result
2025-12-31 13:06:38,Stockfish,AntigravityZero,Stockfish beats AntigravityZero
2025-12-31 13:06:46,Stockfish,AntigravityZero,Stockfish beats AntigravityZero
2025-12-31 13:07:00,Stockfish,AntigravityZero,Stockfish beats AntigravityZero
2025-12-31 13:13:06,Stockfish,AntigravityZero,Stockfish beats AntigravityZero
2025-12-31 13:13:10,Stockfish,AntigravityZero,Stockfish beats AntigravityZero
2025-12-31 13:14:00,Stockfish,AntigravityZero,Stockfish beats AntigravityZero
2025-12-31 13:14:09,Stockfish,AntigravityZero,Stockfish beats AntigravityZero
2025-12-31 13:14:46,Stockfish,AntigravityZero,Stockfish beats AntigravityZero
2025-12-31 13:14:54,Stockfish,AntigravityZero,Stockfish beats AntigravityZero
2025-12-31 13:15:19,Stockfish,AntigravityZero,Stockfish beats AntigravityZero
2025-12-31 13:15:30,Stockfish,AntigravityZero,Stockfish beats AntigravityZero
2025-12-31 13:16:03,Stockfish,AntigravityZero,Stockfish beats AntigravityZero
2025-12-31 13:16:21,Stockfish,AntigravityZero,Stockfish beats AntigravityZero
2025-12-31 13:16:40,Stockfish,AntigravityZero,Stockfish beats AntigravityZero
2025-12-31 13:17:02,Stockfish,AntigravityZero,Stockfish beats AntigravityZero
2025-12-31 13:17:25,Stockfish,AntigravityZero,Stockfish beats AntigravityZero
2025-12-31 13:19:16,Stockfish,AntigravityZero,Stockfish beats AntigravityZero
2025-12-31 13:19:52,Stockfish,AntigravityZero,Stockfish beats AntigravityZero
2025-12-31 13:20:06,Stockfish,AntigravityZero,Stockfish beats AntigravityZero
2025-12-31 13:20:28,Stockfish,AntigravityZero,Stockfish beats AntigravityZero
2025-12-31 13:20:36,Stockfish,AntigravityZero,Stockfish beats AntigravityZero
2025-12-31 13:21:08,Stockfish,AntigravityZero,Stockfish beats AntigravityZero
2025-12-31 13:21:25,Stockfish,AntigravityZero,Stockfish beats AntigravityZero
2025-12-31 13:21:41,Stockfish,AntigravityZero,Stockfish beats AntigravityZero
2025-12-31 13:21:53,Stockfish,AntigravityZero,Stockfish beats AntigravityZero
2025-12-31 13:22:21,Stockfish,AntigravityZero,Stockfish beats AntigravityZero
2025-12-31 13:22:29,Stockfish,AntigravityZero,Stockfish beats AntigravityZero
2025-12-31 13:22:55,Stockfish,AntigravityZero,Stockfish beats AntigravityZero
2025-12-31 13:33:53,Stockfish,AntigravityZero,Stockfish beats AntigravityZero
2025-12-31 13:34:01,Stockfish,AntigravityZero,Stockfish beats AntigravityZero
2025-12-31 13:34:10,Stockfish,AntigravityZero,Stockfish beats AntigravityZero
2025-12-31 13:34:31,Stockfish,AntigravityZero,Stockfish beats AntigravityZero
2025-12-31 13:34:32,Stockfish,AntigravityZero,Stockfish beats AntigravityZero
2025-12-31 13:34:46,Stockfish,AntigravityZero,Stockfish beats AntigravityZero
2025-12-31 13:34:57,Stockfish,AntigravityZero,Stockfish beats AntigravityZero
2025-12-31 13:35:37,Stockfish,AntigravityZero,Stockfish beats AntigravityZero
2025-12-31 13:36:06,Stockfish,AntigravityZero,Stockfish beats AntigravityZero
2025-12-31 13:36:10,Stockfish,AntigravityZero,Stockfish beats AntigravityZero
2025-12-31 13:36:23,Stockfish,AntigravityZero,Stockfish beats AntigravityZero
2025-12-31 13:36:40,Stockfish,AntigravityZero,Stockfish beats AntigravityZero
2025-12-31 13:36:44,Stockfish,AntigravityZero,Stockfish beats AntigravityZero
2025-12-31 13:37:03,Stockfish,AntigravityZero,Stockfish beats AntigravityZero
2025-12-31 13:37:09,Stockfish,AntigravityZero,Stockfish beats AntigravityZero
2025-12-31 13:37:30,Stockfish,AntigravityZero,Stockfish beats AntigravityZero
2025-12-31 13:37:39,Stockfish,AntigravityZero,Stockfish beats AntigravityZero
2025-12-31 13:37:51,Stockfish,AntigravityZero,Stockfish beats AntigravityZero
2025-12-31 13:38:06,Stockfish,AntigravityZero,Stockfish beats AntigravityZero
2025-12-31 13:38:07,Stockfish,AntigravityZero,Stockfish beats AntigravityZero
2025-12-31 13:38:23,Stockfish,AntigravityZero,Stockfish beats AntigravityZero
2025-12-31 13:38:48,Stockfish,AntigravityZero,Stockfish beats AntigravityZero
2025-12-31 13:38:50,Stockfish,AntigravityZero,Stockfish beats AntigravityZero
2025-12-31 13:39:22,Stockfish,AntigravityZero,Stockfish beats AntigravityZero
2025-12-31 13:39:24,Stockfish,AntigravityZero,Stockfish beats AntigravityZero
2025-12-31 13:42:03,Stockfish,AntigravityZero,Stockfish beats AntigravityZero
2025-12-31 13:42:29,Stockfish,AntigravityZero,Stockfish beats AntigravityZero
2025-12-31 13:42:50,Stockfish,AntigravityZero,Stockfish beats AntigravityZero
2025-12-31 13:43:51,Stockfish,AntigravityZero,Stockfish beats AntigravityZero
2025-12-31 13:44:19,Stockfish,AntigravityZero,Stockfish beats AntigravityZero
2025-12-31 13:44:39,Stockfish,AntigravityZero,Stockfish beats AntigravityZero
2025-12-31 13:45:17,Stockfish,AntigravityZero,Stockfish beats AntigravityZero
2025-12-31 13:45:44,Stockfish,AntigravityZero,Stockfish beats AntigravityZero
2025-12-31 13:46:31,Stockfish,AntigravityZero,Stockfish beats AntigravityZero
2025-12-31 13:46:59,Stockfish,AntigravityZero,Stockfish beats AntigravityZero
2025-12-31 13:47:07,Stockfish,AntigravityZero,Stockfish beats AntigravityZero
2025-12-31 13:48:15,Stockfish,AntigravityZero,Stockfish beats AntigravityZero
2025-12-31 13:48:19,Stockfish,AntigravityZero,Stockfish beats AntigravityZero
2025-12-31 13:49:04,Stockfish,AntigravityZero,Stockfish beats AntigravityZero
2025-12-31 13:49:18,Stockfish,AntigravityZero,Stockfish beats AntigravityZero
2025-12-31 13:49:24,Stockfish,AntigravityZero,Stockfish beats AntigravityZero
2025-12-31 13:49:45,Stockfish,AntigravityZero,Stockfish beats AntigravityZero
2025-12-31 13:49:50,Stockfish,AntigravityZero,Stockfish beats AntigravityZero
2025-12-31 13:49:56,Stockfish,AntigravityZero,Stockfish beats AntigravityZero
2025-12-31 13:50:36,Stockfish,AntigravityZero,Stockfish beats AntigravityZero
2025-12-31 13:50:37,Stockfish,AntigravityZero,Stockfish beats AntigravityZero
2025-12-31 13:50:57,Stockfish,AntigravityZero,Stockfish beats AntigravityZero
2025-12-31 13:51:21,Stockfish,AntigravityZero,Stockfish beats AntigravityZero
2025-12-31 13:51:38,Stockfish,AntigravityZero,Stockfish beats AntigravityZero
2025-12-31 13:52:02,Stockfish,AntigravityZero,Stockfish beats AntigravityZero
2025-12-31 13:52:24,Stockfish,AntigravityZero,Stockfish beats AntigravityZero
2025-12-31 13:52:32,Stockfish,AntigravityZero,Stockfish beats AntigravityZero
2025-12-31 13:52:49,Stockfish,AntigravityZero,Stockfish beats AntigravityZero
2025-12-31 13:53:12,Stockfish,AntigravityZero,Stockfish beats AntigravityZero
2025-12-31 13:53:18,Stockfish,AntigravityZero,Stockfish beats AntigravityZero
2025-12-31 13:53:44,Stockfish,AntigravityZero,Stockfish beats AntigravityZero
2025-12-31 13:53:49,Stockfish,AntigravityZero,Stockfish beats AntigravityZero
2025-12-31 13:54:37,Stockfish,AntigravityZero,Stockfish beats AntigravityZero
2025-12-31 13:54:42,Stockfish,AntigravityZero,Stockfish beats AntigravityZero
2025-12-31 13:55:01,Stockfish,AntigravityZero,Stockfish beats AntigravityZero
2025-12-31 13:55:25,Stockfish,AntigravityZero,Stockfish beats AntigravityZero
2025-12-31 13:55:34,Stockfish,AntigravityZero,Stockfish beats AntigravityZero
2025-12-31 13:55:48,Stockfish,AntigravityZero,Stockfish beats AntigravityZero
2025-12-31 13:56:10,Stockfish,AntigravityZero,Stockfish beats AntigravityZero
2025-12-31 13:56:25,Stockfish,AntigravityZero,Stockfish beats AntigravityZero
2025-12-31 13:56:28,Stockfish,AntigravityZero,Stockfish beats AntigravityZero
2025-12-31 13:56:47,Stockfish,AntigravityZero,Stockfish beats AntigravityZero
2025-12-31 13:57:03,Stockfish,AntigravityZero,Stockfish beats AntigravityZero
2025-12-31 13:57:20,Stockfish,AntigravityZero,Stockfish beats AntigravityZero
2025-12-31 13:57:59,Stockfish,AntigravityZero,Stockfish beats AntigravityZero
2025-12-31 13:57:59,Stockfish,AntigravityZero,Stockfish beats AntigravityZero
2025-12-31 13:58:24,Stockfish,AntigravityZero,Stockfish beats AntigravityZero
2025-12-31 13:58:50,Stockfish,AntigravityZero,Stockfish beats AntigravityZero
2025-12-31 13:58:53,Stockfish,AntigravityZero,Stockfish beats AntigravityZero
2025-12-31 13:59:21,Stockfish,AntigravityZero,Stockfish beats AntigravityZero
2025-12-31 13:59:46,Stockfish,AntigravityZero,Stockfish beats AntigravityZero
2025-12-31 14:00:02,Stockfish,AntigravityZero,Stockfish beats AntigravityZero
2025-12-31 14:00:07,Stockfish,AntigravityZero,Stockfish beats AntigravityZero
2025-12-31 14:00:29,Stockfish,AntigravityZero,Stockfish beats AntigravityZero
2025-12-31 14:00:49,Stockfish,AntigravityZero,Stockfish beats AntigravityZero
2025-12-31 14:01:06,Stockfish,AntigravityZero,Stockfish beats AntigravityZero
2025-12-31 14:01:27,Stockfish,AntigravityZero,Stockfish beats AntigravityZero
2025-12-31 14:01:33,Stockfish,AntigravityZero,Stockfish beats AntigravityZero
2025-12-31 14:02:03,Stockfish,AntigravityZero,Stockfish beats AntigravityZero
2025-12-31 14:02:18,Stockfish,AntigravityZero,Stockfish beats AntigravityZero
2025-12-31 14:02:39,Stockfish,AntigravityZero,Stockfish beats AntigravityZero
2025-12-31 14:02:51,Stockfish,AntigravityZero,Stockfish beats AntigravityZero
2025-12-31 14:03:08,Stockfish,AntigravityZero,Stockfish beats AntigravityZero
2025-12-31 14:03:14,Stockfish,AntigravityZero,Stockfish beats AntigravityZero
2025-12-31 14:03:31,Stockfish,AntigravityZero,Stockfish beats AntigravityZero
2025-12-31 14:03:32,Stockfish,AntigravityZero,Stockfish beats AntigravityZero
2025-12-31 14:03:54,Stockfish,AntigravityZero,Stockfish beats AntigravityZero
2025-12-31 14:04:10,Stockfish,AntigravityZero,Stockfish beats AntigravityZero
2025-12-31 14:04:15,Stockfish,AntigravityZero,Stockfish beats AntigravityZero
2025-12-31 14:04:19,Stockfish,AntigravityZero,Stockfish beats AntigravityZero
2025-12-31 14:04:38,Stockfish,AntigravityZero,Stockfish beats AntigravityZero
2025-12-31 14:04:55,Stockfish,AntigravityZero,Stockfish beats AntigravityZero
2025-12-31 14:05:02,Stockfish,AntigravityZero,Stockfish beats AntigravityZero
2025-12-31 14:05:15,Stockfish,AntigravityZero,Stockfish beats AntigravityZero
2026-01-01 15:43:09,Stockfish,AntigravityZero,Stockfish beats AntigravityZero
2026-01-01 15:43:14,Stockfish,AntigravityZero,Stockfish beats AntigravityZero
2026-01-01 15:43:23,Stockfish,AntigravityZero,Stockfish beats AntigravityZero
2026-01-01 15:44:46,Stockfish,AntigravityZero,Stockfish beats AntigravityZero
2026-01-01 15:45:13,Stockfish,AntigravityZero,Stockfish beats AntigravityZero
2026-01-01 15:46:23,Stockfish,AntigravityZero,Stockfish beats AntigravityZero
2026-01-01 15:46:32,Stockfish,AntigravityZero,Stockfish beats AntigravityZero
2026-01-01 15:47:20,Stockfish,AntigravityZero,Stockfish beats AntigravityZero
2026-01-01 15:47:38,Stockfish,AntigravityZero,Stockfish beats AntigravityZero
2026-01-01 15:48:39,Stockfish,AntigravityZero,Stockfish beats AntigravityZero
2026-01-01 15:48:50,Stockfish,AntigravityZero,Stockfish beats AntigravityZero
2026-01-01 15:48:53,Stockfish,AntigravityZero,Stockfish beats AntigravityZero
2026-01-01 15:50:24,Stockfish,AntigravityZero,Stockfish beats AntigravityZero
2026-01-01 15:50:46,Stockfish,AntigravityZero,Stockfish beats AntigravityZero
2026-01-01 15:50:54,Stockfish,AntigravityZero,Stockfish beats AntigravityZero
2026-01-01 15:50:56,Stockfish,AntigravityZero,Stockfish beats AntigravityZero
2026-01-01 15:51:42,Stockfish,AntigravityZero,Stockfish beats AntigravityZero
2026-01-01 15:51:55,Stockfish,AntigravityZero,Stockfish beats AntigravityZero
2026-01-01 15:51:57,Stockfish,AntigravityZero,Stockfish beats AntigravityZero
2026-01-01 15:56:02,Stockfish,AntigravityZero,Stockfish beats AntigravityZero
2026-01-01 15:56:02,Stockfish,AntigravityZero,Stockfish beats AntigravityZero
2026-01-01 15:56:02,Stockfish,AntigravityZero,Stockfish beats AntigravityZero
2026-01-01 15:56:02,Stockfish,AntigravityZero,Stockfish beats AntigravityZero
2026-01-01 15:56:12,Stockfish,AntigravityZero,Stockfish beats AntigravityZero
2026-01-01 15:56:13,Stockfish,AntigravityZero,Stockfish beats AntigravityZero
2026-01-01 15:56:13,Stockfish,AntigravityZero,Stockfish beats AntigravityZero
2026-01-01 15:56:13,Stockfish,AntigravityZero,Stockfish beats AntigravityZero
2026-01-01 15:59:40,Stockfish,AntigravityZero,Stockfish beats AntigravityZero
2026-01-01 15:59:40,Stockfish,AntigravityZero,Stockfish beats AntigravityZero
2026-01-01 15:59:40,Stockfish,AntigravityZero,Stockfish beats AntigravityZero
2026-01-01 15:59:40,Stockfish,AntigravityZero,Stockfish beats AntigravityZero
2026-01-01 16:01:56,Stockfish,AntigravityZero,Stockfish beats AntigravityZero
2026-01-01 16:02:23,Stockfish,AntigravityZero,Stockfish beats AntigravityZero
2026-01-01 16:02:28,Stockfish,AntigravityZero,Stockfish beats AntigravityZero
2026-01-01 16:02:43,Stockfish,AntigravityZero,Stockfish beats AntigravityZero
2026-01-01 16:03:51,Stockfish,AntigravityZero,Stockfish beats AntigravityZero
2026-01-01 16:03:54,Stockfish,AntigravityZero,Stockfish beats AntigravityZero
2026-01-01 16:04:03,Stockfish,AntigravityZero,Stockfish beats AntigravityZero
2026-01-01 16:04:31,Stockfish,AntigravityZero,Stockfish beats AntigravityZero
2026-01-01 16:05:35,Stockfish,AntigravityZero,Stockfish beats AntigravityZero
2026-01-01 16:05:51,Stockfish,AntigravityZero,Stockfish beats AntigravityZero
2026-01-01 16:06:12,Stockfish,AntigravityZero,Stockfish beats AntigravityZero
2026-01-01 16:06:13,Stockfish,AntigravityZero,Stockfish beats AntigravityZero
2026-01-01 16:07:39,Stockfish,AntigravityZero,Stockfish beats AntigravityZero
2026-01-01 16:07:44,Stockfish,AntigravityZero,Stockfish beats AntigravityZero
2026-01-01 16:07:57,Stockfish,AntigravityZero,Stockfish beats AntigravityZero
2026-01-01 16:09:23,Stockfish,AntigravityZero,Stockfish beats AntigravityZero
2026-01-01 16:09:25,Stockfish,AntigravityZero,Stockfish beats AntigravityZero
2026-01-01 16:09:37,Stockfish,AntigravityZero,Stockfish beats AntigravityZero
2026-01-01 16:11:09,Stockfish,AntigravityZero,Stockfish beats AntigravityZero
2026-01-01 16:11:09,Stockfish,AntigravityZero,Stockfish beats AntigravityZero
2026-01-01 16:11:27,Stockfish,AntigravityZero,Stockfish beats AntigravityZero
2026-01-01 16:12:44,Stockfish,AntigravityZero,Stockfish beats AntigravityZero
2026-01-01 16:12:49,Stockfish,AntigravityZero,Stockfish beats AntigravityZero
2026-01-01 16:13:58,Stockfish,AntigravityZero,Stockfish beats AntigravityZero
2026-01-01 16:14:28,Stockfish,AntigravityZero,Stockfish beats AntigravityZero
2026-01-01 16:14:30,Stockfish,AntigravityZero,Stockfish beats AntigravityZero
2026-01-01 16:15:38,Stockfish,AntigravityZero,Stockfish beats AntigravityZero
2026-01-01 16:15:39,Stockfish,AntigravityZero,Stockfish beats AntigravityZero
2026-01-01 16:16:28,Stockfish,AntigravityZero,Stockfish beats AntigravityZero
2026-01-01 16:16:47,Stockfish,AntigravityZero,Stockfish beats AntigravityZero
2026-01-01 16:17:05,Stockfish,AntigravityZero,Stockfish beats AntigravityZero
2026-01-01 16:18:18,Stockfish,AntigravityZero,Stockfish beats AntigravityZero
2026-01-01 16:19:18,Stockfish,AntigravityZero,Stockfish beats AntigravityZero
2026-01-01 16:19:40,Stockfish,AntigravityZero,Stockfish beats AntigravityZero
2026-01-01 16:20:23,Stockfish,AntigravityZero,Stockfish beats AntigravityZero
2026-01-01 16:21:19,Stockfish,AntigravityZero,Stockfish beats AntigravityZero
2026-01-01 16:21:23,Stockfish,AntigravityZero,Stockfish beats AntigravityZero
2026-01-01 16:22:20,Stockfish,AntigravityZero,Stockfish beats AntigravityZero
2026-01-01 16:23:20,Stockfish,AntigravityZero,Stockfish beats AntigravityZero
2026-01-01 16:23:42,Stockfish,AntigravityZero,Stockfish beats AntigravityZero
2026-01-01 16:23:44,Stockfish,AntigravityZero,Stockfish beats AntigravityZero
2026-01-01 16:24:02,Stockfish,AntigravityZero,Stockfish beats AntigravityZero
2026-01-01 16:25:37,Stockfish,AntigravityZero,Stockfish beats AntigravityZero
2026-01-01 16:25:49,Stockfish,AntigravityZero,Stockfish beats AntigravityZero
2026-01-01 16:25:52,Stockfish,AntigravityZero,Stockfish beats AntigravityZero
2026-01-01 16:26:10,Stockfish,AntigravityZero,Stockfish beats AntigravityZero
2026-01-01 16:27:18,Stockfish,AntigravityZero,Stockfish beats AntigravityZero
2026-01-01 16:28:26,Stockfish,AntigravityZero,Stockfish beats AntigravityZero
2026-01-01 16:28:31,Stockfish,AntigravityZero,Stockfish beats AntigravityZero
2026-01-01 16:28:44,Stockfish,AntigravityZero,Stockfish beats AntigravityZero
2026-01-01 16:29:21,Stockfish,AntigravityZero,Stockfish beats AntigravityZero
2026-01-01 16:30:41,Stockfish,AntigravityZero,Stockfish beats AntigravityZero
2026-01-01 16:30:58,Stockfish,AntigravityZero,Stockfish beats AntigravityZero
2026-01-01 16:31:01,Stockfish,AntigravityZero,Stockfish beats AntigravityZero
2026-01-01 16:31:35,Stockfish,AntigravityZero,Stockfish beats AntigravityZero
2026-01-01 16:32:44,Stockfish,AntigravityZero,Stockfish beats AntigravityZero
2026-01-01 16:32:57,Stockfish,AntigravityZero,Stockfish beats AntigravityZero
2026-01-01 16:33:31,Stockfish,AntigravityZero,Stockfish beats AntigravityZero
2026-01-01 16:34:16,Stockfish,AntigravityZero,Stockfish beats AntigravityZero
2026-01-01 16:34:24,Stockfish,AntigravityZero,Stockfish beats AntigravityZero
2026-01-01 16:35:09,Stockfish,AntigravityZero,Stockfish beats AntigravityZero
2026-01-01 16:36:19,Stockfish,AntigravityZero,Stockfish beats AntigravityZero
2026-01-01 16:36:52,Stockfish,AntigravityZero,Stockfish beats AntigravityZero
2026-01-01 16:37:35,Stockfish,AntigravityZero,Stockfish beats AntigravityZero
2026-01-01 16:37:54,Stockfish,AntigravityZero,Stockfish beats AntigravityZero
2026-01-01 16:39:16,Stockfish,AntigravityZero,Stockfish beats AntigravityZero
2026-01-01 16:39:32,Stockfish,AntigravityZero,Stockfish beats AntigravityZero
2026-01-01 16:39:35,Stockfish,AntigravityZero,Stockfish beats AntigravityZero
2026-01-01 16:39:48,Stockfish,AntigravityZero,Stockfish beats AntigravityZero
2026-01-01 16:41:57,Stockfish,AntigravityZero,Stockfish beats AntigravityZero
2026-01-01 16:41:59,Stockfish,AntigravityZero,Stockfish beats AntigravityZero
2026-01-01 16:42:05,Stockfish,AntigravityZero,Stockfish beats AntigravityZero
2026-01-01 16:42:07,Stockfish,AntigravityZero,Stockfish beats AntigravityZero
2026-01-01 16:43:31,Stockfish,AntigravityZero,Stockfish beats AntigravityZero
2026-01-01 16:44:04,Stockfish,AntigravityZero,Stockfish beats AntigravityZero
2026-01-01 16:44:36,Stockfish,AntigravityZero,Stockfish beats AntigravityZero
2026-01-01 16:44:36,Stockfish,AntigravityZero,Stockfish beats AntigravityZero
2026-01-01 16:45:43,Stockfish,AntigravityZero,Stockfish beats AntigravityZero
2026-01-01 16:46:39,Stockfish,AntigravityZero,Stockfish beats AntigravityZero
2026-01-01 16:47:41,Stockfish,AntigravityZero,Stockfish beats AntigravityZero
2026-01-01 16:48:18,Stockfish,AntigravityZero,Stockfish beats AntigravityZero
2026-01-01 16:48:29,Stockfish,AntigravityZero,Stockfish beats AntigravityZero
2026-01-01 16:49:13,Stockfish,AntigravityZero,Stockfish beats AntigravityZero
2026-01-01 16:50:06,Stockfish,AntigravityZero,Stockfish beats AntigravityZero
2026-01-01 16:50:31,Stockfish,AntigravityZero,Stockfish beats AntigravityZero
2026-01-01 16:50:35,Stockfish,AntigravityZero,Stockfish beats AntigravityZero
2026-01-01 16:50:41,Stockfish,AntigravityZero,Stockfish beats AntigravityZero
2026-01-01 16:51:42,Stockfish,AntigravityZero,Stockfish beats AntigravityZero
2026-01-01 16:52:24,Stockfish,AntigravityZero,Stockfish beats AntigravityZero
2026-01-01 16:52:32,Stockfish,AntigravityZero,Stockfish beats AntigravityZero
2026-01-01 16:52:42,Stockfish,AntigravityZero,Stockfish beats AntigravityZero
2026-01-01 16:54:00,Stockfish,AntigravityZero,Stockfish beats AntigravityZero
2026-01-01 16:54:18,Stockfish,AntigravityZero,Stockfish beats AntigravityZero
2026-01-01 16:54:33,Stockfish,AntigravityZero,Stockfish beats AntigravityZero
2026-01-01 16:54:45,Stockfish,AntigravityZero,Stockfish beats AntigravityZero
2026-01-01 16:55:40,Stockfish,AntigravityZero,Stockfish beats AntigravityZero
2026-01-01 16:55:53,Stockfish,AntigravityZero,Stockfish beats AntigravityZero
2026-01-01 16:56:51,Stockfish,AntigravityZero,Stockfish beats AntigravityZero
2026-01-01 16:57:36,Stockfish,AntigravityZero,Stockfish beats AntigravityZero
2026-01-01 16:58:23,Stockfish,AntigravityZero,Stockfish beats AntigravityZero
2026-01-01 16:58:33,Stockfish,AntigravityZero,Stockfish beats AntigravityZero
2026-01-01 16:59:10,Stockfish,AntigravityZero,Stockfish beats AntigravityZero
2026-01-01 16:59:46,Stockfish,AntigravityZero,Stockfish beats AntigravityZero
2026-01-01 16:59:50,Stockfish,AntigravityZero,Stockfish beats AntigravityZero
2026-01-01 17:00:34,Stockfish,AntigravityZero,Stockfish beats AntigravityZero
2026-01-01 17:01:15,Stockfish,AntigravityZero,Stockfish beats AntigravityZero
2026-01-01 17:01:44,Stockfish,AntigravityZero,Stockfish beats AntigravityZero
2026-01-01 17:01:46,Stockfish,AntigravityZero,Stockfish beats AntigravityZero
2026-01-01 17:02:41,Stockfish,AntigravityZero,Stockfish beats AntigravityZero
2026-01-01 17:02:47,Stockfish,AntigravityZero,Stockfish beats AntigravityZero
2026-01-01 17:04:00,Stockfish,AntigravityZero,Stockfish beats AntigravityZero
2026-01-01 17:05:10,Stockfish,AntigravityZero,Stockfish beats AntigravityZero
2026-01-01 17:05:12,Stockfish,AntigravityZero,Stockfish beats AntigravityZero
2026-01-01 17:06:08,Stockfish,AntigravityZero,Stockfish beats AntigravityZero
2026-01-01 17:06:57,Stockfish,AntigravityZero,Stockfish beats AntigravityZero
2026-01-01 17:07:55,Stockfish,AntigravityZero,Stockfish beats AntigravityZero
2026-01-01 17:08:08,Stockfish,AntigravityZero,Stockfish beats AntigravityZero
2026-01-01 17:08:18,Stockfish,AntigravityZero,Stockfish beats AntigravityZero
2026-01-01 17:08:20,Stockfish,AntigravityZero,Stockfish beats AntigravityZero
2026-01-01 17:09:18,Stockfish,AntigravityZero,Stockfish beats AntigravityZero
2026-01-01 17:09:47,Stockfish,AntigravityZero,Stockfish beats AntigravityZero
2026-01-01 17:10:08,Stockfish,AntigravityZero,Stockfish beats AntigravityZero
2026-01-01 17:10:50,Stockfish,AntigravityZero,Stockfish beats AntigravityZero
2026-01-01 17:12:36,Stockfish,AntigravityZero,Stockfish beats AntigravityZero
2026-01-01 17:12:36,Stockfish,AntigravityZero,Stockfish beats AntigravityZero
2026-01-01 17:12:40,Stockfish,AntigravityZero,Stockfish beats AntigravityZero
2026-01-01 17:13:47,Stockfish,AntigravityZero,Stockfish beats AntigravityZero
2026-01-01 17:14:10,Stockfish,AntigravityZero,Stockfish beats AntigravityZero
2026-01-01 17:14:11,Stockfish,AntigravityZero,Stockfish beats AntigravityZero
2026-01-01 17:16:06,Stockfish,AntigravityZero,Stockfish beats AntigravityZero
2026-01-01 17:16:07,Stockfish,AntigravityZero,Stockfish beats AntigravityZero
2026-01-01 17:16:58,Stockfish,AntigravityZero,Stockfish beats AntigravityZero
2026-01-01 17:17:02,Stockfish,AntigravityZero,Stockfish beats AntigravityZero
2026-01-01 17:17:11,Stockfish,AntigravityZero,Stockfish beats AntigravityZero
2026-01-01 17:18:19,Stockfish,AntigravityZero,Stockfish beats AntigravityZero
2026-01-01 17:19:36,Stockfish,AntigravityZero,Stockfish beats AntigravityZero
2026-01-01 17:19:37,Stockfish,AntigravityZero,Stockfish beats AntigravityZero
2026-01-01 17:19:51,Stockfish,AntigravityZero,Stockfish beats AntigravityZero
2026-01-01 17:21:25,Stockfish,AntigravityZero,Stockfish beats AntigravityZero
2026-01-01 17:21:39,Stockfish,AntigravityZero,Stockfish beats AntigravityZero
2026-01-01 17:22:26,Stockfish,AntigravityZero,Stockfish beats AntigravityZero
2026-01-01 17:23:11,Stockfish,AntigravityZero,Stockfish beats AntigravityZero
2026-01-01 17:23:31,Stockfish,AntigravityZero,Stockfish beats AntigravityZero
2026-01-01 17:24:42,Stockfish,AntigravityZero,Stockfish beats AntigravityZero
2026-01-01 17:25:06,Stockfish,AntigravityZero,Stockfish beats AntigravityZero
2026-01-01 17:25:26,Stockfish,AntigravityZero,Stockfish beats AntigravityZero
2026-01-01 17:26:36,Stockfish,AntigravityZero,Stockfish beats AntigravityZero
2026-01-01 17:28:05,Stockfish,AntigravityZero,Stockfish beats AntigravityZero
2026-01-01 17:28:17,Stockfish,AntigravityZero,Stockfish beats AntigravityZero
2026-01-01 17:28:27,Stockfish,AntigravityZero,Stockfish beats AntigravityZero
2026-01-01 17:28:57,Stockfish,AntigravityZero,Stockfish beats AntigravityZero
2026-01-01 17:31:17,Stockfish,AntigravityZero,Stockfish beats AntigravityZero
2026-01-01 17:31:31,Stockfish,AntigravityZero,Stockfish beats AntigravityZero
2026-01-01 17:32:16,Stockfish,AntigravityZero,Stockfish beats AntigravityZero
2026-01-01 17:32:53,Stockfish,AntigravityZero,Stockfish beats AntigravityZero
2026-01-01 17:33:20,Stockfish,AntigravityZero,Stockfish beats AntigravityZero
2026-01-01 17:33:37,Stockfish,AntigravityZero,Stockfish beats AntigravityZero
2026-01-01 17:35:13,Stockfish,AntigravityZero,Stockfish beats AntigravityZero
2026-01-01 17:36:04,Stockfish,AntigravityZero,Stockfish beats AntigravityZero
2026-01-01 17:36:26,Stockfish,AntigravityZero,Stockfish beats AntigravityZero
2026-01-01 17:36:51,Stockfish,AntigravityZero,Stockfish beats AntigravityZero
2026-01-01 17:37:02,Stockfish,AntigravityZero,Stockfish beats AntigravityZero
2026-01-01 17:38:44,Stockfish,AntigravityZero,Stockfish beats AntigravityZero
2026-01-01 17:39:19,Stockfish,AntigravityZero,Stockfish beats AntigravityZero
2026-01-01 17:40:25,Stockfish,AntigravityZero,Stockfish beats AntigravityZero
2026-01-01 17:40:57,Stockfish,AntigravityZero,Stockfish beats AntigravityZero
2026-01-01 17:41:18,Stockfish,AntigravityZero,Stockfish beats AntigravityZero
2026-01-01 17:41:20,Stockfish,AntigravityZero,Stockfish beats AntigravityZero
2026-01-01 17:42:35,Stockfish,AntigravityZero,Stockfish beats AntigravityZero
2026-01-01 17:43:15,Stockfish,AntigravityZero,Stockfish beats AntigravityZero
2026-01-01 17:43:43,Stockfish,AntigravityZero,Stockfish beats AntigravityZero
2026-01-01 17:43:57,Stockfish,AntigravityZero,Stockfish beats AntigravityZero
2026-01-01 17:45:31,Stockfish,AntigravityZero,Stockfish beats AntigravityZero
2026-01-01 17:46:16,Stockfish,AntigravityZero,Stockfish beats AntigravityZero
2026-01-01 17:46:34,Stockfish,AntigravityZero,Stockfish beats AntigravityZero
2026-01-01 17:47:12,Stockfish,AntigravityZero,Stockfish beats AntigravityZero
2026-01-01 17:47:14,Stockfish,AntigravityZero,Stockfish beats AntigravityZero
2026-01-01 17:47:58,Stockfish,AntigravityZero,Stockfish beats AntigravityZero
2026-01-01 17:48:04,Stockfish,AntigravityZero,Stockfish beats AntigravityZero
2026-01-01 17:49:51,Stockfish,AntigravityZero,Stockfish beats AntigravityZero
2026-01-01 17:50:02,Stockfish,AntigravityZero,Stockfish beats AntigravityZero
2026-01-01 17:50:41,Stockfish,AntigravityZero,Stockfish beats AntigravityZero
2026-01-01 17:50:56,Stockfish,AntigravityZero,Stockfish beats AntigravityZero
2026-01-01 17:51:56,Stockfish,AntigravityZero,Stockfish beats AntigravityZero
2026-01-01 17:52:23,Stockfish,AntigravityZero,Stockfish beats AntigravityZero
2026-01-01 17:54:03,Stockfish,AntigravityZero,Stockfish beats AntigravityZero
2026-01-01 17:54:21,Stockfish,AntigravityZero,Stockfish beats AntigravityZero
2026-01-01 17:54:46,Stockfish,AntigravityZero,Stockfish beats AntigravityZero
2026-01-01 17:55:35,Stockfish,AntigravityZero,Stockfish beats AntigravityZero
2026-01-01 17:55:46,Stockfish,AntigravityZero,Stockfish beats AntigravityZero
2026-01-01 17:56:08,Stockfish,AntigravityZero,Stockfish beats AntigravityZero
2026-01-01 17:56:38,Stockfish,AntigravityZero,Stockfish beats AntigravityZero
2026-01-01 17:58:18,Stockfish,AntigravityZero,Stockfish beats AntigravityZero
2026-01-01 17:58:41,Stockfish,AntigravityZero,Stockfish beats AntigravityZero
2026-01-01 17:58:46,Stockfish,AntigravityZero,Stockfish beats AntigravityZero
2026-01-01 17:58:57,Stockfish,AntigravityZero,Stockfish beats AntigravityZero
2026-01-01 18:00:21,Stockfish,AntigravityZero,Stockfish beats AntigravityZero
2026-01-01 18:00:37,Stockfish,AntigravityZero,Stockfish beats AntigravityZero
2026-01-01 18:01:25,Stockfish,AntigravityZero,Stockfish beats AntigravityZero
2026-01-01 18:01:26,Stockfish,AntigravityZero,Stockfish beats AntigravityZero
2026-01-01 18:01:37,Stockfish,AntigravityZero,Stockfish beats AntigravityZero
2026-01-01 18:02:37,Stockfish,AntigravityZero,Stockfish beats AntigravityZero
2026-01-01 18:03:02,Stockfish,AntigravityZero,Stockfish beats AntigravityZero
2026-01-01 18:03:15,Stockfish,AntigravityZero,Stockfish beats AntigravityZero
2026-01-01 18:04:29,Stockfish,AntigravityZero,Stockfish beats AntigravityZero
2026-01-01 18:04:50,Stockfish,AntigravityZero,Stockfish beats AntigravityZero
2026-01-01 18:05:11,Stockfish,AntigravityZero,Stockfish beats AntigravityZero
2026-01-01 18:05:44,Stockfish,AntigravityZero,Stockfish beats AntigravityZero
2026-01-01 18:06:30,Stockfish,AntigravityZero,Stockfish beats AntigravityZero
2026-01-01 18:06:45,Stockfish,AntigravityZero,Stockfish beats AntigravityZero
2026-01-01 18:07:43,Stockfish,AntigravityZero,Stockfish beats AntigravityZero
2026-01-01 18:08:31,Stockfish,AntigravityZero,Stockfish beats AntigravityZero
2026-01-01 18:08:43,Stockfish,AntigravityZero,Stockfish beats AntigravityZero
2026-01-01 18:10:07,Stockfish,AntigravityZero,Stockfish beats AntigravityZero
2026-01-01 18:10:07,Stockfish,AntigravityZero,Stockfish beats AntigravityZero
2026-01-01 18:10:33,Stockfish,AntigravityZero,Stockfish beats AntigravityZero
2026-01-01 18:11:03,Stockfish,AntigravityZero,Stockfish beats AntigravityZero
2026-01-01 18:11:51,Stockfish,AntigravityZero,Stockfish beats AntigravityZero
2026-01-01 18:12:07,Stockfish,AntigravityZero,Stockfish beats AntigravityZero
2026-01-01 18:12:18,Stockfish,AntigravityZero,Stockfish beats AntigravityZero
2026-01-01 18:14:35,Stockfish,AntigravityZero,Stockfish beats AntigravityZero
2026-01-01 18:14:36,Stockfish,AntigravityZero,Stockfish beats AntigravityZero
2026-01-01 18:14:42,Stockfish,AntigravityZero,Stockfish beats AntigravityZero
2026-01-01 18:14:46,Stockfish,AntigravityZero,Stockfish beats AntigravityZero
2026-01-01 18:16:39,Stockfish,AntigravityZero,Stockfish beats AntigravityZero
2026-01-01 18:16:47,Stockfish,AntigravityZero,Stockfish beats AntigravityZero
2026-01-01 18:17:57,Stockfish,AntigravityZero,Stockfish beats AntigravityZero
2026-01-01 18:18:32,Stockfish,AntigravityZero,Stockfish beats AntigravityZero
2026-01-01 18:18:46,Stockfish,AntigravityZero,Stockfish beats AntigravityZero
2026-01-01 18:18:46,Stockfish,AntigravityZero,Stockfish beats AntigravityZero
2026-01-01 18:20:11,Stockfish,AntigravityZero,Stockfish beats AntigravityZero
2026-01-01 18:20:55,Stockfish,AntigravityZero,Stockfish beats AntigravityZero
2026-01-01 18:21:13,Stockfish,AntigravityZero,Stockfish beats AntigravityZero
2026-01-01 18:21:57,Stockfish,AntigravityZero,Stockfish beats AntigravityZero
2026-01-01 18:22:34,Stockfish,AntigravityZero,Stockfish beats AntigravityZero
2026-01-01 18:22:36,Stockfish,AntigravityZero,Stockfish beats AntigravityZero
2026-01-01 18:23:22,Stockfish,AntigravityZero,Stockfish beats AntigravityZero
2026-01-01 18:24:26,Stockfish,AntigravityZero,Stockfish beats AntigravityZero
2026-01-01 18:24:58,Stockfish,AntigravityZero,Stockfish beats AntigravityZero
2026-01-01 18:25:13,Stockfish,AntigravityZero,Stockfish beats AntigravityZero
2026-01-01 18:25:20,Stockfish,AntigravityZero,Stockfish beats AntigravityZero
2026-01-01 18:27:11,Stockfish,AntigravityZero,Stockfish beats AntigravityZero
2026-01-01 18:27:13,Stockfish,AntigravityZero,Stockfish beats AntigravityZero
2026-01-01 18:27:29,Stockfish,AntigravityZero,Stockfish beats AntigravityZero
2026-01-01 18:28:51,Stockfish,AntigravityZero,Stockfish beats AntigravityZero
2026-01-01 18:30:15,Stockfish,AntigravityZero,Stockfish beats AntigravityZero
2026-01-01 18:30:19,Stockfish,AntigravityZero,Stockfish beats AntigravityZero
2026-01-01 18:30:45,Stockfish,AntigravityZero,Stockfish beats AntigravityZero
2026-01-01 18:31:07,Stockfish,AntigravityZero,Stockfish beats AntigravityZero
2026-01-01 18:31:34,Stockfish,AntigravityZero,Stockfish beats AntigravityZero
2026-01-01 18:32:30,Stockfish,AntigravityZero,Stockfish beats AntigravityZero
2026-01-01 18:32:42,Stockfish,AntigravityZero,Stockfish beats AntigravityZero
2026-01-01 18:33:37,Stockfish,AntigravityZero,Stockfish beats AntigravityZero
2026-01-01 18:34:43,Stockfish,AntigravityZero,Stockfish beats AntigravityZero
2026-01-01 18:35:23,Stockfish,AntigravityZero,Stockfish beats AntigravityZero
2026-01-01 18:36:14,Stockfish,AntigravityZero,Stockfish beats AntigravityZero
2026-01-01 18:36:35,Stockfish,AntigravityZero,Stockfish beats AntigravityZero
2026-01-01 18:37:04,Stockfish,AntigravityZero,Stockfish beats AntigravityZero
2026-01-01 18:37:27,Stockfish,AntigravityZero,Stockfish beats AntigravityZero
2026-01-01 18:38:25,Stockfish,AntigravityZero,Stockfish beats AntigravityZero
2026-01-01 18:38:36,Stockfish,AntigravityZero,Stockfish beats AntigravityZero
2026-01-01 18:39:04,Stockfish,AntigravityZero,Stockfish beats AntigravityZero
2026-01-01 18:39:37,Stockfish,AntigravityZero,Stockfish beats AntigravityZero
2026-01-01 18:39:41,Stockfish,AntigravityZero,Stockfish beats AntigravityZero
2026-01-01 18:40:07,Stockfish,AntigravityZero,Stockfish beats AntigravityZero
2026-01-01 18:40:30,Stockfish,AntigravityZero,Stockfish beats AntigravityZero
2026-01-01 18:41:38,Stockfish,AntigravityZero,Stockfish beats AntigravityZero
2026-01-01 18:41:43,Stockfish,AntigravityZero,Stockfish beats AntigravityZero
2026-01-01 18:42:14,Stockfish,AntigravityZero,Stockfish beats AntigravityZero
2026-01-01 18:42:20,Stockfish,AntigravityZero,Stockfish beats AntigravityZero
2026-01-01 18:42:45,Stockfish,AntigravityZero,Stockfish beats AntigravityZero
2026-01-01 18:43:18,Stockfish,AntigravityZero,Stockfish beats AntigravityZero
2026-01-01 18:44:34,Stockfish,AntigravityZero,Stockfish beats AntigravityZero
2026-01-01 18:44:39,Stockfish,AntigravityZero,Stockfish beats AntigravityZero
2026-01-01 18:45:18,Stockfish,AntigravityZero,Stockfish beats AntigravityZero
2026-01-01 18:45:46,Stockfish,AntigravityZero,Stockfish beats AntigravityZero
2026-01-01 18:47:31,Stockfish,AntigravityZero,Stockfish beats AntigravityZero
2026-01-01 18:47:44,Stockfish,AntigravityZero,Stockfish beats AntigravityZero
2026-01-01 18:47:52,Stockfish,AntigravityZero,Stockfish beats AntigravityZero
2026-01-01 18:48:28,Stockfish,AntigravityZero,Stockfish beats AntigravityZero
2026-01-01 18:49:38,Stockfish,AntigravityZero,Stockfish beats AntigravityZero
2026-01-01 18:50:17,Stockfish,AntigravityZero,Stockfish beats AntigravityZero
2026-01-01 18:51:13,Stockfish,AntigravityZero,Stockfish beats AntigravityZero
2026-01-01 18:51:54,Stockfish,AntigravityZero,Stockfish beats AntigravityZero
2026-01-01 18:52:14,Stockfish,AntigravityZero,Stockfish beats AntigravityZero
2026-01-01 18:52:25,Stockfish,AntigravityZero,Stockfish beats AntigravityZero
2026-01-01 18:53:54,Stockfish,AntigravityZero,Stockfish beats AntigravityZero
2026-01-01 18:54:28,Stockfish,AntigravityZero,Stockfish beats AntigravityZero
2026-01-01 18:54:42,Stockfish,AntigravityZero,Stockfish beats AntigravityZero
2026-01-01 18:54:55,Stockfish,AntigravityZero,Stockfish beats AntigravityZero
2026-01-01 18:55:36,Stockfish,AntigravityZero,Stockfish beats AntigravityZero
2026-01-01 18:56:58,Stockfish,AntigravityZero,Stockfish beats AntigravityZero
2026-01-01 18:58:28,Stockfish,AntigravityZero,Stockfish beats AntigravityZero
2026-01-01 18:58:30,Stockfish,AntigravityZero,Stockfish beats AntigravityZero
2026-01-01 18:59:02,Stockfish,AntigravityZero,Stockfish beats AntigravityZero
2026-01-01 18:59:24,Stockfish,AntigravityZero,Stockfish beats AntigravityZero
2026-01-01 19:00:42,Stockfish,AntigravityZero,Stockfish beats AntigravityZero
2026-01-01 19:01:11,Stockfish,AntigravityZero,Stockfish beats AntigravityZero
2026-01-01 19:01:21,Stockfish,AntigravityZero,Stockfish beats AntigravityZero
2026-01-01 19:01:26,Stockfish,AntigravityZero,Stockfish beats AntigravityZero
2026-01-01 19:02:40,Stockfish,AntigravityZero,Stockfish beats AntigravityZero
2026-01-01 19:02:44,Stockfish,AntigravityZero,Stockfish beats AntigravityZero
2026-01-01 19:03:43,Stockfish,AntigravityZero,Stockfish beats AntigravityZero
2026-01-01 19:03:54,Stockfish,AntigravityZero,Stockfish beats AntigravityZero
2026-01-01 19:24:04,Stockfish,AntigravityZero,Stockfish beats AntigravityZero
2026-01-01 19:24:04,Stockfish,AntigravityZero,Stockfish beats AntigravityZero
2026-01-01 19:24:54,Stockfish,AntigravityZero,Stockfish beats AntigravityZero
2026-01-01 19:24:57,Stockfish,AntigravityZero,Stockfish beats AntigravityZero
2026-01-01 19:26:40,Stockfish,AntigravityZero,Stockfish beats AntigravityZero
2026-01-01 19:27:32,Stockfish,AntigravityZero,Stockfish beats AntigravityZero
2026-01-01 19:27:36,Stockfish,AntigravityZero,Stockfish beats AntigravityZero
2026-01-01 19:27:39,Stockfish,AntigravityZero,Stockfish beats AntigravityZero
2026-01-01 19:29:22,Stockfish,AntigravityZero,Stockfish beats AntigravityZero
2026-01-01 19:29:26,Stockfish,AntigravityZero,Stockfish beats AntigravityZero
2026-01-01 19:30:50,Stockfish,AntigravityZero,Stockfish beats AntigravityZero
2026-01-01 19:31:09,Stockfish,AntigravityZero,Stockfish beats AntigravityZero
2026-01-01 19:31:40,Stockfish,AntigravityZero,Stockfish beats AntigravityZero
2026-01-01 19:31:52,Stockfish,AntigravityZero,Stockfish beats AntigravityZero
2026-01-01 19:32:03,Stockfish,AntigravityZero,Stockfish beats AntigravityZero
2026-01-01 19:34:06,Stockfish,AntigravityZero,Stockfish beats AntigravityZero
2026-01-01 19:34:37,Stockfish,AntigravityZero,Stockfish beats AntigravityZero
2026-01-01 19:35:20,Stockfish,AntigravityZero,Stockfish beats AntigravityZero
2026-01-01 19:35:28,Stockfish,AntigravityZero,Stockfish beats AntigravityZero
2026-01-01 19:35:46,Stockfish,AntigravityZero,Stockfish beats AntigravityZero
2026-01-01 19:37:08,Stockfish,AntigravityZero,Stockfish beats AntigravityZero
2026-01-01 19:37:27,Stockfish,AntigravityZero,Stockfish beats AntigravityZero
2026-01-01 19:38:26,Stockfish,AntigravityZero,Stockfish beats AntigravityZero
2026-01-01 19:38:33,Stockfish,AntigravityZero,Stockfish beats AntigravityZero
2026-01-01 19:40:03,Stockfish,AntigravityZero,Stockfish beats AntigravityZero
2026-01-01 19:40:17,Stockfish,AntigravityZero,Stockfish beats AntigravityZero
2026-01-01 19:40:22,Stockfish,AntigravityZero,Stockfish beats AntigravityZero
2026-01-01 19:41:09,Stockfish,AntigravityZero,Stockfish beats AntigravityZero
2026-01-01 19:41:21,Stockfish,AntigravityZero,Stockfish beats AntigravityZero
2026-01-01 19:42:20,Stockfish,AntigravityZero,Stockfish beats AntigravityZero
2026-01-01 19:42:34,Stockfish,AntigravityZero,Stockfish beats AntigravityZero
2026-01-01 19:42:40,Stockfish,AntigravityZero,Stockfish beats AntigravityZero
2026-01-01 19:43:13,Stockfish,AntigravityZero,Stockfish beats AntigravityZero
2026-01-01 19:43:49,Stockfish,AntigravityZero,Stockfish beats AntigravityZero
2026-01-01 19:44:48,Stockfish,AntigravityZero,Stockfish beats AntigravityZero
2026-01-01 19:44:58,Stockfish,AntigravityZero,Stockfish beats AntigravityZero
2026-01-01 19:45:35,Stockfish,AntigravityZero,Stockfish beats AntigravityZero
2026-01-01 19:46:05,Stockfish,AntigravityZero,Stockfish beats AntigravityZero
2026-01-01 19:46:18,Stockfish,AntigravityZero,Stockfish beats AntigravityZero
2026-01-01 19:47:14,Stockfish,AntigravityZero,Stockfish beats AntigravityZero
2026-01-01 19:47:59,Stockfish,AntigravityZero,Stockfish beats AntigravityZero
2026-01-01 19:48:22,Stockfish,AntigravityZero,Stockfish beats AntigravityZero
2026-01-01 19:49:14,Stockfish,AntigravityZero,Stockfish beats AntigravityZero
2026-01-01 19:49:22,Stockfish,AntigravityZero,Stockfish beats AntigravityZero
2026-01-01 19:50:01,Stockfish,AntigravityZero,Stockfish beats AntigravityZero
2026-01-01 19:50:44,Stockfish,AntigravityZero,Stockfish beats AntigravityZero
2026-01-01 19:51:48,Stockfish,AntigravityZero,Stockfish beats AntigravityZero
2026-01-01 19:52:25,Stockfish,AntigravityZero,Stockfish beats AntigravityZero
2026-01-01 19:52:41,Stockfish,AntigravityZero,Stockfish beats AntigravityZero
2026-01-01 19:53:52,Stockfish,AntigravityZero,Stockfish beats AntigravityZero
2026-01-01 19:53:53,Stockfish,AntigravityZero,Stockfish beats AntigravityZero
2026-01-01 19:55:24,Stockfish,AntigravityZero,Stockfish beats AntigravityZero
2026-01-01 19:55:53,Stockfish,AntigravityZero,Stockfish beats AntigravityZero
2026-01-01 19:55:57,Stockfish,AntigravityZero,Stockfish beats AntigravityZero
2026-01-01 19:55:59,Stockfish,AntigravityZero,Stockfish beats AntigravityZero
2026-01-01 19:57:58,Stockfish,AntigravityZero,Stockfish beats AntigravityZero
2026-01-01 19:58:37,Stockfish,AntigravityZero,Stockfish beats AntigravityZero
2026-01-01 19:58:50,Stockfish,AntigravityZero,Stockfish beats AntigravityZero
2026-01-01 20:00:44,Stockfish,AntigravityZero,Stockfish beats AntigravityZero
2026-01-01 20:00:45,Stockfish,AntigravityZero,Stockfish beats AntigravityZero
2026-01-01 20:01:04,Stockfish,AntigravityZero,Stockfish beats AntigravityZero
2026-01-01 20:01:07,Stockfish,AntigravityZero,Stockfish beats AntigravityZero
2026-01-01 20:03:18,Stockfish,AntigravityZero,Stockfish beats AntigravityZero
2026-01-01 20:03:40,Stockfish,AntigravityZero,Stockfish beats AntigravityZero
2026-01-01 20:04:23,Stockfish,AntigravityZero,Stockfish beats AntigravityZero
2026-01-01 20:05:23,Stockfish,AntigravityZero,Stockfish beats AntigravityZero
2026-01-01 20:05:32,Stockfish,AntigravityZero,Stockfish beats AntigravityZero
2026-01-01 20:06:10,Stockfish,AntigravityZero,Stockfish beats AntigravityZero
2026-01-01 20:06:21,Stockfish,AntigravityZero,Stockfish beats AntigravityZero
2026-01-01 20:07:37,Stockfish,AntigravityZero,Stockfish beats AntigravityZero
2026-01-01 20:07:41,Stockfish,AntigravityZero,Stockfish beats AntigravityZero
2026-01-01 20:08:15,Stockfish,AntigravityZero,Stockfish beats AntigravityZero
2026-01-01 20:08:20,Stockfish,AntigravityZero,Stockfish beats AntigravityZero
2026-01-01 20:09:31,Stockfish,AntigravityZero,Stockfish beats AntigravityZero
2026-01-01 20:10:00,Stockfish,AntigravityZero,Stockfish beats AntigravityZero
2026-01-01 20:10:56,Stockfish,AntigravityZero,Stockfish beats AntigravityZero
2026-01-01 20:11:06,Stockfish,AntigravityZero,Stockfish beats AntigravityZero
2026-01-01 20:11:11,Stockfish,AntigravityZero,Stockfish beats AntigravityZero
2026-01-01 20:11:37,Stockfish,AntigravityZero,Stockfish beats AntigravityZero
2026-01-01 20:13:27,Stockfish,AntigravityZero,Stockfish beats AntigravityZero
2026-01-01 20:13:32,Stockfish,AntigravityZero,Stockfish beats AntigravityZero
2026-01-01 20:14:09,Stockfish,AntigravityZero,Stockfish beats AntigravityZero
2026-01-01 20:14:34,Stockfish,AntigravityZero,Stockfish beats AntigravityZero
2026-01-01 20:14:44,Stockfish,AntigravityZero,Stockfish beats AntigravityZero
2026-01-01 20:15:30,Stockfish,AntigravityZero,Stockfish beats AntigravityZero
2026-01-01 20:15:43,Stockfish,AntigravityZero,Stockfish beats AntigravityZero
2026-01-01 20:15:55,Stockfish,AntigravityZero,Stockfish beats AntigravityZero
2026-01-01 20:17:21,Stockfish,AntigravityZero,Stockfish beats AntigravityZero
2026-01-01 20:17:21,Stockfish,AntigravityZero,Stockfish beats AntigravityZero
2026-01-01 20:17:59,Stockfish,AntigravityZero,Stockfish beats AntigravityZero
2026-01-01 20:18:04,Stockfish,AntigravityZero,Stockfish beats AntigravityZero
2026-01-01 20:19:21,Stockfish,AntigravityZero,Stockfish beats AntigravityZero
2026-01-01 20:19:43,Stockfish,AntigravityZero,Stockfish beats AntigravityZero
2026-01-01 20:19:51,Stockfish,AntigravityZero,Stockfish beats AntigravityZero
2026-01-01 20:20:48,Stockfish,AntigravityZero,Stockfish beats AntigravityZero
2026-01-01 20:21:06,Stockfish,AntigravityZero,Stockfish beats AntigravityZero
2026-01-01 20:22:05,Stockfish,AntigravityZero,Stockfish beats AntigravityZero
2026-01-01 20:23:19,Stockfish,AntigravityZero,Stockfish beats AntigravityZero
2026-01-01 20:23:22,Stockfish,AntigravityZero,Stockfish beats AntigravityZero
2026-01-01 20:23:43,Stockfish,AntigravityZero,Stockfish beats AntigravityZero
2026-01-01 20:24:17,Stockfish,AntigravityZero,Stockfish beats AntigravityZero
2026-01-01 20:25:29,Stockfish,AntigravityZero,Stockfish beats AntigravityZero
2026-01-01 20:25:55,Stockfish,AntigravityZero,Stockfish beats AntigravityZero
2026-01-01 20:26:19,Stockfish,AntigravityZero,Stockfish beats AntigravityZero
2026-01-01 20:26:35,Stockfish,AntigravityZero,Stockfish beats AntigravityZero
2026-01-01 20:27:10,Stockfish,AntigravityZero,Stockfish beats AntigravityZero
2026-01-01 20:30:36,Draw,Draw,Draw
2026-01-01 20:30:37,Draw,Draw,Draw
2026-01-01 20:30:37,Draw,Draw,Draw
2026-01-01 20:30:37,Draw,Draw,Draw
2026-01-01 20:30:42,Draw,Draw,Draw
2026-01-01 20:30:42,Draw,Draw,Draw
2026-01-01 20:30:43,Draw,Draw,Draw
2026-01-01 20:30:43,Draw,Draw,Draw
2026-01-01 20:32:42,Draw,Draw,Draw
2026-01-01 20:32:43,Draw,Draw,Draw
2026-01-01 20:32:43,Draw,Draw,Draw
2026-01-01 20:32:43,Draw,Draw,Draw
2026-01-01 20:42:20,Draw,Draw,Draw
2026-01-01 20:42:20,Draw,Draw,Draw
2026-01-01 20:42:21,Draw,Draw,Draw
2026-01-01 20:42:21,Draw,Draw,Draw
2026-01-01 20:44:26,Draw,Draw,Draw
2026-01-01 20:44:27,Draw,Draw,Draw
2026-01-01 20:44:28,Draw,Draw,Draw
2026-01-01 20:44:29,Draw,Draw,Draw
2026-01-01 20:48:09,Draw,Draw,Draw
2026-01-01 20:48:09,Draw,Draw,Draw
2026-01-01 20:48:11,Draw,Draw,Draw
2026-01-01 20:48:11,Draw,Draw,Draw
2026-01-01 21:02:14,Draw,Draw,Draw
2026-01-01 21:02:14,Draw,Draw,Draw
2026-01-01 21:02:14,Draw,Draw,Draw
2026-01-01 21:02:14,Draw,Draw,Draw
2026-01-01 21:12:24,Draw,Draw,Draw
2026-01-01 21:12:24,Draw,Draw,Draw
2026-01-01 21:12:25,Draw,Draw,Draw
2026-01-01 21:12:26,Draw,Draw,Draw
2026-01-01 21:14:30,Draw,Draw,Draw
2026-01-01 21:14:30,Draw,Draw,Draw
2026-01-01 21:14:31,Draw,Draw,Draw
2026-01-01 21:14:31,Draw,Draw,Draw
2026-01-01 21:16:36,Draw,Draw,Draw
2026-01-01 21:16:37,Draw,Draw,Draw
2026-01-01 21:16:37,Draw,Draw,Draw
2026-01-01 21:16:37,Draw,Draw,Draw
2026-01-08 19:07:29,Stockfish,AntigravityZero,Stockfish beats AntigravityZero
2026-01-08 19:07:29,Stockfish,AntigravityZero,Stockfish beats AntigravityZero
2026-01-08 19:07:40,Stockfish,AntigravityZero,Stockfish beats AntigravityZero
2026-01-08 19:07:40,Stockfish,AntigravityZero,Stockfish beats AntigravityZero
2026-01-08 19:07:40,Stockfish,AntigravityZero,Stockfish beats AntigravityZero
2026-01-08 19:07:40,Stockfish,AntigravityZero,Stockfish beats AntigravityZero
2026-01-08 19:12:26,Stockfish,AntigravityZero,Stockfish beats AntigravityZero
2026-01-08 19:12:26,Stockfish,AntigravityZero,Stockfish beats AntigravityZero
2026-01-08 19:12:26,Stockfish,AntigravityZero,Stockfish beats AntigravityZero
2026-01-08 19:12:26,Stockfish,AntigravityZero,Stockfish beats AntigravityZero
2026-01-08 19:14:31,Stockfish,AntigravityZero,Stockfish beats AntigravityZero
2026-01-08 19:14:32,Stockfish,AntigravityZero,Stockfish beats AntigravityZero
2026-01-08 19:14:32,Stockfish,AntigravityZero,Stockfish beats AntigravityZero
2026-01-08 19:14:32,Stockfish,AntigravityZero,Stockfish beats AntigravityZero
